{
  "omega": 0.5,
  "max_regular_sampled_anisotropy_ratio": 101320.51697625456,
  "lambda_plus_zero_sheets": [
    -3.9269908169872414,
    -0.7853981633974483,
    2.356194490192345,
    5.497787143782138
  ],
  "lambda_minus_zero_sheets": [
    -5.497787143782138,
    -2.356194490192345,
    0.7853981633974483,
    3.9269908169872414
  ],
  "combined_singular_sheets": [
    -5.497787143782138,
    -3.9269908169872414,
    -2.356194490192345,
    -0.7853981633974483,
    0.7853981633974483,
    2.356194490192345,
    3.9269908169872414,
    5.497787143782138
  ],
  "stable_branch_candidate_count": 16,
  "direct_profile_labels": [
    "scalar",
    "rich",
    "phi_offsheet"
  ]
}