{
  "omega": 0.5,
  "max_anisotropy_ratio": 15888.116071589442,
  "singular_phi_locations": [
    -5.521587088127515,
    -2.3482611754105522,
    2.3482611754105527,
    5.521587088127516
  ],
  "stiffness_range": [
    0.0,
    5.43656365691809
  ]
}