species,mass_shift,response_ratio
scalar,2.551317194347688,173.5259083047208
phi_dom,-0.15917602191063507,-0.09796421231848762
