phi,M_ADM_proxy
-6.283185307179586,0.006669459753901257
-4.886921905584122,0.1642946045537422
-3.490658503988659,0.6883673159121573
-2.0943951023931957,1.7356404120776672
-0.6981317007977319,3.3005754230956432
0.6981317007977319,3.3005899333176263
2.094395102393195,1.735656228022199
3.4906585039886586,0.688375926722298
4.886921905584122,0.16429831330770067
6.283185307179586,0.006669459753901229
