{
  "config": {
    "kappa": 25.132741228718345,
    "xi": 0.002,
    "m_glue": 0.1,
    "lambda_q": 0.01,
    "beta": [
      0.01,
      0.02,
      0.03
    ],
    "metric_regularization": 0.0001,
    "angular_phi_potential": 0.01,
    "horizon_event_fraction": 0.45
  },
  "representative_seed_results": [
    {
      "id": "scalar",
      "omega0": 0.5,
      "theta0": 0.0,
      "phi0": 0.0,
      "rho0": 0.0,
      "xp0": [
        0.0,
        0.0,
        0.0,
        0.0
      ],
      "r_max": 20.0,
      "dr": 0.01,
      "status": 0,
      "status_message": "The solver successfully reached the end of the integration interval.",
      "terminated_early": false,
      "horizon_event_radii": [],
      "r_final": 19.9901,
      "final_mass": 0.10803937636466483,
      "mass_half_radius": 14.6501,
      "mass_90_radius": 18.9801,
      "core_mass_fraction": 0.00020437455991898193,
      "skewness_proxy": 0.9556330202273398,
      "final_2m_over_r": 0.010809288234142383
    },
    {
      "id": "theta_dom",
      "omega0": 0.5,
      "theta0": 3.141592653589793,
      "phi0": 0.0,
      "rho0": 0.0,
      "xp0": [
        0.0,
        0.01,
        0.0,
        0.0
      ],
      "r_max": 20.0,
      "dr": 0.01,
      "status": 0,
      "status_message": "The solver successfully reached the end of the integration interval.",
      "terminated_early": false,
      "horizon_event_radii": [],
      "r_final": 19.9901,
      "final_mass": 0.1080391625760294,
      "mass_half_radius": 14.6501,
      "mass_90_radius": 18.9801,
      "core_mass_fraction": 0.0002043924594495828,
      "skewness_proxy": 0.9556324519400066,
      "final_2m_over_r": 0.010809266844691062
    },
    {
      "id": "phi_dom",
      "omega0": 0.5,
      "theta0": 0.0,
      "phi0": 0.7853981633974483,
      "rho0": 0.0,
      "xp0": [
        0.0,
        0.0,
        0.01,
        0.0
      ],
      "r_max": 20.0,
      "dr": 0.01,
      "status": 1,
      "status_message": "A termination event occurred.",
      "terminated_early": true,
      "horizon_event_radii": [
        3.2767655415608705
      ],
      "r_final": 3.2701000000000002,
      "final_mass": 1.4655642332696872,
      "mass_half_radius": 2.6001000000000003,
      "mass_90_radius": 3.1601000000000004,
      "core_mass_fraction": 0.027755994555678225,
      "skewness_proxy": 0.9432583586151391,
      "final_2m_over_r": 0.8963421505578956
    },
    {
      "id": "fully_mixed",
      "omega0": 0.5,
      "theta0": 3.141592653589793,
      "phi0": 0.7853981633974483,
      "rho0": 1.5707963267948966,
      "xp0": [
        0.0,
        0.01,
        0.01,
        0.01
      ],
      "r_max": 20.0,
      "dr": 0.01,
      "status": 1,
      "status_message": "A termination event occurred.",
      "terminated_early": true,
      "horizon_event_radii": [
        3.2767655415431114
      ],
      "r_final": 3.2701000000000002,
      "final_mass": 1.4655642332823284,
      "mass_half_radius": 2.6001000000000003,
      "mass_90_radius": 3.1601000000000004,
      "core_mass_fraction": 0.027755994559624173,
      "skewness_proxy": 0.9432583586182639,
      "final_2m_over_r": 0.8963421505656269
    }
  ],
  "angle_only_anchor_results": [
    {
      "id": "scalar_angle_only",
      "omega0": 0.5,
      "theta0": 0.0,
      "phi0": 0.0,
      "rho0": 0.0,
      "xp0": [
        0.0,
        0.0,
        0.0,
        0.0
      ],
      "r_max": 20.0,
      "dr": 0.01,
      "status": 0,
      "status_message": "The solver successfully reached the end of the integration interval.",
      "terminated_early": false,
      "horizon_event_radii": [],
      "r_final": 19.9901,
      "final_mass": 0.10803937636466483,
      "mass_half_radius": 14.6501,
      "mass_90_radius": 18.9801,
      "core_mass_fraction": 0.00020437455991898193,
      "skewness_proxy": 0.9556330202273398,
      "final_2m_over_r": 0.010809288234142383
    },
    {
      "id": "theta_dom_angle_only",
      "omega0": 0.5,
      "theta0": 3.141592653589793,
      "phi0": 0.0,
      "rho0": 0.0,
      "xp0": [
        0.0,
        0.0,
        0.0,
        0.0
      ],
      "r_max": 20.0,
      "dr": 0.01,
      "status": 0,
      "status_message": "The solver successfully reached the end of the integration interval.",
      "terminated_early": false,
      "horizon_event_radii": [],
      "r_final": 19.9901,
      "final_mass": 0.1080393706984325,
      "mass_half_radius": 14.6501,
      "mass_90_radius": 18.9801,
      "core_mass_fraction": 0.00020437321176787886,
      "skewness_proxy": 0.9556330051286593,
      "final_2m_over_r": 0.010809287667238533
    },
    {
      "id": "phi_dom_angle_only",
      "omega0": 0.5,
      "theta0": 0.0,
      "phi0": 0.7853981633974483,
      "rho0": 0.0,
      "xp0": [
        0.0,
        0.0,
        0.0,
        0.0
      ],
      "r_max": 20.0,
      "dr": 0.01,
      "status": 1,
      "status_message": "A termination event occurred.",
      "terminated_early": true,
      "horizon_event_radii": [
        3.276765541793603
      ],
      "r_final": 3.2701000000000002,
      "final_mass": 1.4655642331591916,
      "mass_half_radius": 2.6001000000000003,
      "mass_90_radius": 3.1601000000000004,
      "core_mass_fraction": 0.027755994707564378,
      "skewness_proxy": 0.9432583585931568,
      "final_2m_over_r": 0.8963421504903162
    },
    {
      "id": "fully_mixed_angle_only",
      "omega0": 0.5,
      "theta0": 3.141592653589793,
      "phi0": 0.7853981633974483,
      "rho0": 1.5707963267948966,
      "xp0": [
        0.0,
        0.0,
        0.0,
        0.0
      ],
      "r_max": 20.0,
      "dr": 0.01,
      "status": 1,
      "status_message": "A termination event occurred.",
      "terminated_early": true,
      "horizon_event_radii": [
        3.2767655417937442
      ],
      "r_final": 3.2701000000000002,
      "final_mass": 1.465564233159233,
      "mass_half_radius": 2.6001000000000003,
      "mass_90_radius": 3.1601000000000004,
      "core_mass_fraction": 0.027755994707814344,
      "skewness_proxy": 0.9432583585931186,
      "final_2m_over_r": 0.8963421504903415
    }
  ],
  "slice_1d": {
    "theta": {
      "sample_count": 15,
      "mass_range": [
        0.49309224115741884,
        0.4930922417643563
      ],
      "mass_range_width": 6.069374447470466e-10,
      "terminated_early_count": 0,
      "fixed_parameters": {
        "omega": 0.5,
        "phi": 0.39269908169872414,
        "rho": 0.0
      },
      "domain": [
        -6.283185307179586,
        6.283185307179586
      ],
      "r_max": 10.0,
      "path": "solutions/phase_c/phase_c_angular_traits/slice_1d_theta.csv"
    },
    "phi": {
      "sample_count": 15,
      "mass_range": [
        0.01992980014474819,
        1.9439101100035217
      ],
      "mass_range_width": 1.9239803098587736,
      "terminated_early_count": 0,
      "fixed_parameters": {
        "omega": 0.5,
        "theta": 0.0,
        "rho": 0.0
      },
      "domain": [
        -6.283185307179586,
        6.283185307179586
      ],
      "r_max": 10.0,
      "path": "solutions/phase_c/phase_c_angular_traits/slice_1d_phi.csv"
    },
    "rho": {
      "sample_count": 15,
      "mass_range": [
        0.28814653989580363,
        0.4930922417643563
      ],
      "mass_range_width": 0.20494570186855265,
      "terminated_early_count": 0,
      "fixed_parameters": {
        "omega": 0.5,
        "theta": 0.0,
        "phi": 0.39269908169872414
      },
      "domain": [
        -6.283185307179586,
        6.283185307179586
      ],
      "r_max": 10.0,
      "path": "solutions/phase_c/phase_c_angular_traits/slice_1d_rho.csv"
    }
  },
  "slice_2d": {
    "theta_rho": {
      "sample_count": 64,
      "mass_range": [
        0.13426123853316266,
        0.24024227126128006
      ],
      "mass_range_width": 0.1059810327281174,
      "terminated_early_count": 0,
      "fixed_parameters": {
        "omega": 0.5,
        "phi": 0.39269908169872414
      },