{
  "baseline_reference": {
    "scenario": {
      "name": "baseline",
      "closure_mode": "minimal_trace",
      "central_amplitude_base": 0.02,
      "r_max": 20.0,
      "decay_target": 0.05,
      "dr": 0.01,
      "notes": "Reference provisional closure used by current full solver."
    },
    "seed_count": 39,
    "success_count": 39,
    "regularity_ok_count": 39,
    "horizon_hit_count": 0,
    "boundary_decay_pass_count": 39,
    "families": {
      "continuation": 9,
      "rich_neighborhood": 27,
      "coarse_domain": 3
    },
    "continuation_mass_monotone": true,
    "continuation_boundary_qnorm_monotone": true,
    "continuation_final_mass": {
      "min": 0.059437562855148535,
      "max": 0.1082188762469576,
      "mean": 0.08171237484994719,
      "std": 0.015739121978489663,
      "range": 0.048781313391809064
    },
    "continuation_boundary_qnorm": {
      "min": 0.011066977174830628,
      "max": 0.01489634712144958,
      "mean": 0.012900430848613096,
      "std": 0.0012358996794756966,
      "range": 0.0038293699466189525
    },
    "rich_neighborhood_final_mass": {
      "min": 0.10821887624695685,
      "max": 0.1082188762469576,
      "mean": 0.10821887624695696,
      "std": 1.8830430212379493e-16,
      "range": 7.494005416219807e-16
    },
    "rich_neighborhood_integrated_abs_ricci": {
      "min": 0.007846995788375038,
      "max": 0.00784699578837507,
      "mean": 0.007846995788375047,
      "std": 8.319441530320186e-18,
      "range": 3.2959746043559335e-17
    },
    "rich_neighborhood_peak_imag_to_real_ratio": {
      "min": 3.2807277833778428,
      "max": 32974425414.002563,
      "mean": 6106375081.902782,
      "std": 12808840418.812376,
      "range": 32974425410.721836
    },
    "omega_dispersion": {
      "0.1": {
        "count": 1,
        "final_mass_range": 0.0,
        "integrated_abs_ricci_range": 0.0
      },
      "0.2": {
        "count": 1,
        "final_mass_range": 0.0,
        "integrated_abs_ricci_range": 0.0
      },
      "0.2375": {
        "count": 1,
        "final_mass_range": 0.0,
        "integrated_abs_ricci_range": 0.0
      },
      "0.275": {
        "count": 1,
        "final_mass_range": 0.0,
        "integrated_abs_ricci_range": 0.0
      },
      "0.3125": {
        "count": 1,
        "final_mass_range": 0.0,
        "integrated_abs_ricci_range": 0.0
      },
      "0.35": {
        "count": 2,
        "final_mass_range": 0.0,
        "integrated_abs_ricci_range": 0.0
      },
      "0.3875": {
        "count": 1,
        "final_mass_range": 0.0,
        "integrated_abs_ricci_range": 0.0
      },
      "0.425": {
        "count": 1,
        "final_mass_range": 0.0,
        "integrated_abs_ricci_range": 0.0
      },
      "0.4625": {
        "count": 1,
        "final_mass_range": 0.0,
        "integrated_abs_ricci_range": 0.0
      },
      "0.5": {
        "count": 28,
        "final_mass_range": 7.494005416219807e-16,
        "integrated_abs_ricci_range": 3.2959746043559335e-17
      },
      "0.75": {
        "count": 1,
        "final_mass_range": 0.0,
        "integrated_abs_ricci_range": 0.0
      }
    },
    "rich_anchor": {
      "final_mass": 0.1082188762469576,
      "boundary_residual_qnorm": 0.01489634712144958,
      "integrated_abs_ricci": 0.00784699578837507
    },
    "scalar_anchor": {
      "final_mass": 0.059437562855148535,
      "boundary_residual_qnorm": 0.011066977174830628,
      "integrated_abs_ricci": 0.004307895242978339
    },
    "status": "complete"
  },
  "scenario_deltas": {
    "baseline": {
      "rich_anchor_mass_shift_vs_baseline": 0.0,
      "scalar_anchor_mass_shift_vs_baseline": 0.0,
      "continuation_mass_monotone": true,
      "rich_neighborhood_mass_range": 7.494005416219807e-16,
      "rich_neighborhood_ricci_range": 3.2959746043559335e-17,
      "boundary_decay_pass_count": 39
    },
    "closure_ricci_off": {
      "rich_anchor_mass_shift_vs_baseline": -6.702250354304051e-06,
      "scalar_anchor_mass_shift_vs_baseline": -2.0180116663964798e-06,
      "continuation_mass_monotone": true,
      "rich_neighborhood_mass_range": 5.412337245047638e-16,
      "rich_neighborhood_ricci_range": 0.0,
      "boundary_decay_pass_count": 39
    },
    "closure_trace_half": {
      "rich_anchor_mass_shift_vs_baseline": -3.3513099246401667e-06,
      "scalar_anchor_mass_shift_vs_baseline": -1.0090363952580672e-06,
      "continuation_mass_monotone": true,
      "rich_neighborhood_mass_range": 5.828670879282072e-16,
      "rich_neighborhood_ricci_range": 2.0816681711721685e-17,
      "boundary_decay_pass_count": 39
    },
    "closure_trace_potential_only": {
      "rich_anchor_mass_shift_vs_baseline": 9.342368327558415e-08,
      "scalar_anchor_mass_shift_vs_baseline": 2.8013312863839346e-08,
      "continuation_mass_monotone": true,
      "rich_neighborhood_mass_range": 1.2490009027033011e-15,
      "rich_neighborhood_ricci_range": 6.245004513516506e-17,
      "boundary_decay_pass_count": 39
    },
    "amp_half": {
      "rich_anchor_mass_shift_vs_baseline": -0.08112954497619859,
      "scalar_anchor_mass_shift_vs_baseline": -0.044567779194811585,
      "continuation_mass_monotone": true,
      "rich_neighborhood_mass_range": 1.8388068845354155e-16,
      "rich_neighborhood_ricci_range": 6.938893903907228e-18,
      "boundary_decay_pass_count": 39
    },
    "amp_double": {
      "rich_anchor_mass_shift_vs_baseline": 0.322395146603596,
      "scalar_anchor_mass_shift_vs_baseline": 0.1776399971720215,
      "continuation_mass_monotone": true,
      "rich_neighborhood_mass_range": 3.7192471324942744e-15,
      "rich_neighborhood_ricci_range": 2.0816681711721685e-16,
      "boundary_decay_pass_count": 39
    },
    "rmax_15": {
      "rich_anchor_mass_shift_vs_baseline": -0.05107237489513319,
      "scalar_anchor_mass_shift_vs_baseline": -0.02806938939015556,
      "continuation_mass_monotone": true,
      "rich_neighborhood_mass_range": 3.885780586188048e-16,
      "rich_neighborhood_ricci_range": 2.6020852139652106e-17,
      "boundary_decay_pass_count": 39
    },
    "rmax_30": {
      "rich_anchor_mass_shift_vs_baseline": 0.09499960482892357,
      "scalar_anchor_mass_shift_vs_baseline": 0.05241084038959007,
      "continuation_mass_monotone": true,
      "rich_neighborhood_mass_range": 1.5543122344752192e-15,
      "rich_neighborhood_ricci_range": 3.9898639947466563e-17,
      "boundary_decay_pass_count": 39
    },
    "decay_tight": {
      "rich_anchor_mass_shift_vs_baseline": 0.0,
      "scalar_anchor_mass_shift_vs_baseline": 0.0,
      "continuation_mass_monotone": true,
      "rich_neighborhood_mass_range": 7.494005416219807e-16,
      "rich_neighborhood_ricci_range": 3.2959746043559335e-17,
      "boundary_decay_pass_count": 39
    },
    "decay_loose": {
      "rich_anchor_mass_shift_vs_baseline": 0.0,
      "scalar_anchor_mass_shift_vs_baseline": 0.0,
      "continuation_mass_monotone": true,
      "rich_neighborhood_mass_range": 7.494005416219807e-16,
      "rich_neighborhood_ricci_range": 3.2959746043559335e-17,
      "boundary_decay_pass_count": 39
    },
    "amp_double_rmax_30": {
      "rich_anchor_mass_shift_vs_baseline": 0.6890033337254071,
      "scalar_anchor_mass_shift_vs_baseline": 0.3832724662959639,
      "continuation_mass_monotone": true,
      "rich_neighborhood_mass_range": 9.43689570931383e-15,
      "rich_neighborhood_ricci_range": 2.220446049250313e-16,
      "boundary_decay_pass_count": 39
    },
    "ricci_off_amp_double": {
      "rich_anchor_mass_shift_vs_baseline": 0.32228766969962974,
      "scalar_anchor_mass_shift_vs_baseline": 0.17760766971747985,
      "continuation_mass_monotone": true,
      "rich_neighborhood_mass_range": 1.609823385706477e-15,
      "rich_neighborhood_ricci_range": 0.0,
      "boundary_decay_pass_count": 39
    }
  },
  "robust_findings": {
    "continuation_mass_monotone_all_scenarios": true,
    "max_rich_neighborhood_mass_range_across_scenarios": 9.43689570931383e-15,