{
  "config": {
    "kappa": 25.132741228718345,
    "xi": 0.002,
    "m_glue": 0.1,
    "lambda_q": 0.01,
    "r_start": 0.0001,
    "r_max": 20.0,
    "dr": 0.01,
    "central_amplitude_base": 0.02
  },
  "anchors": [
    {
      "seed_id": "scalar_anchor",
      "omega": 0.5,
      "theta": 0.0,
      "phi": 0.0,
      "rho": 0.0,
      "final_mass": 0.1081724783796303,
      "mass_half_radius": 14.670099999999731,
      "mass_90_radius": 19.000100000000174,
      "integrated_R": 0.006919589880281697,
      "regularity_ok": true,
      "horizon_hit": false,
      "steps": 2000,
      "r_final": 20.00010000000033
    },
    {
      "seed_id": "rich_anchor_1",
      "omega": 0.5,
      "theta": 3.141592653589793,
      "phi": -1.5707963267948966,
      "rho": 1.5707963267948966,
      "final_mass": 0.1081724783796303,
      "mass_half_radius": 14.670099999999731,
      "mass_90_radius": 19.000100000000174,
      "integrated_R": 0.006919589880281697,
      "regularity_ok": true,
      "horizon_hit": false,
      "steps": 2000,
      "r_final": 20.00010000000033
    },
    {
      "seed_id": "rich_anchor_2",
      "omega": 0.5,
      "theta": 1.5707963267948966,
      "phi": 0.0,
      "rho": -0.7853981633974483,
      "final_mass": 0.1081724783796295,
      "mass_half_radius": 14.670099999999731,
      "mass_90_radius": 19.000100000000174,
      "integrated_R": 0.006919589880281665,
      "regularity_ok": true,
      "horizon_hit": false,
      "steps": 2000,
      "r_final": 20.00010000000033
    }
  ],
  "anchor_spreads": {
    "final_mass": {
      "min": 0.1081724783796295,
      "max": 0.1081724783796303,
      "range": 8.049116928532385e-16
    },
    "mass_half_radius": {
      "min": 14.670099999999731,
      "max": 14.670099999999731,
      "range": 0.0
    },
    "integrated_R": {
      "min": 0.006919589880281665,
      "max": 0.006919589880281697,
      "range": 3.209238430557093e-17
    }
  },
  "slice_1d_phi": {
    "sample_count": 17,
    "final_mass": {
      "min": 0.1081724783796295,
      "max": 0.1081724783796303,
      "range": 8.049116928532385e-16
    },
    "mass_half_radius": {
      "min": 14.670099999999731,
      "max": 14.670099999999731,
      "range": 0.0
    },
    "integrated_R": {
      "min": 0.006919589880281664,
      "max": 0.006919589880281697,
      "range": 3.2959746043559335e-17
    },
    "path": "solutions/phase_b/phase_b_exact_radial_solver/slice_1d_phi.csv"
  },
  "slice_2d_theta_rho": {
    "sample_count": 81,
    "final_mass": {
      "min": 0.1081724783796303,
      "max": 0.1081724783796303,
      "range": 0.0
    },
    "mass_half_radius": {
      "min": 14.670099999999731,
      "max": 14.670099999999731,
      "range": 0.0
    },
    "integrated_R": {
      "min": 0.006919589880281697,
      "max": 0.006919589880281697,
      "range": 0.0
    },
    "path": "solutions/phase_b/phase_b_exact_radial_solver/slice_2d_theta_rho.csv"
  },
  "status": "exact_decoupled_anchor_and_slice_check_complete"
}