{
  "rows": 26325,
  "omega_values": [
    0.1,
    0.25,
    0.75,
    1.5,
    2.5
  ],
  "max_norm_difference": 1.7763568394002505e-15,
  "max_abs_cos_theta_phi": 9.567545344253569e-32,
  "max_abs_cos_phi_rho": 9.567545344253569e-32,
  "max_abs_cos_theta_rho": 1.0000000000000004,
  "min_cos_theta_rho": -1.0000000000000004,
  "max_cos_theta_rho": 1.0000000000000004
}