seed,success,failure_reason,final_mass,compactness_90,boundary_qnorm
scalar,True,,0.019954193138285586,9.630999999999839,0.02773197029774312
rich,True,,0.019954193138285586,9.630999999999839,0.02773197029774312
