A0,mass,r_half,compactness
0.01,1.6247574320250544,2.7187127376542444,0.5976201198170444
0.02,1.624428095692695,2.906202013336613,0.5589522298306056
0.04,1.623105081830069,2.7803094479911823,0.5837857663659662
