d_phi,mass,r_half,compactness
-0.2,2.5347464929853594,9.745242392668171,0.2601009180533441
-0.1,3.546781283731745,8.389567268493296,0.4227609327422105
0.0,1.624428095692695,2.906202013336613,0.5589522298306056
0.10000000000000003,3.5467452028653352,8.446060895107534,0.4199289167947893
0.2,2.534709519018001,9.662246696572169,0.26233127745715995
