sector,axis,delta,center_theta0,center_phi0,center_rho0,omega0,theta0,phi0,rho0,A0,xp0,r_max,status,status_message,terminated_early,horizon_event_radii,r_final,final_mass,mass_half_radius,compactness,final_2m_over_r
phi_sheet_local,phi,-0.2,0.0,0.7853981633974483,0.0,0.5,0.0,0.5853981633974483,0.0,0.02,"[0.0, 0.0, 0.01, 0.0]",20.0,0,The solver successfully reached the end of the integration interval.,False,[],20.0,2.5347464929853594,9.745242392668171,0.2601009180533441,0.2534746492985359
phi_sheet_local,phi,-0.1,0.0,0.7853981633974483,0.0,0.5,0.0,0.6853981633974483,0.0,0.02,"[0.0, 0.0, 0.01, 0.0]",20.0,0,The solver successfully reached the end of the integration interval.,False,[],20.0,3.546781283731745,8.389567268493296,0.4227609327422105,0.3546781283731745
phi_sheet_local,phi,0.0,0.0,0.7853981633974483,0.0,0.5,0.0,0.7853981633974483,0.0,0.02,"[0.0, 0.0, 0.01, 0.0]",20.0,1,A termination event occurred.,True,[3.3842251993597814],3.3842251993597814,1.624428095692695,2.906202013336613,0.5589522298306056,0.96
phi_sheet_local,phi,0.10000000000000003,0.0,0.7853981633974483,0.0,0.5,0.0,0.8853981633974484,0.0,0.02,"[0.0, 0.0, 0.01, 0.0]",20.0,0,The solver successfully reached the end of the integration interval.,False,[],20.0,3.5467452028653352,8.446060895107534,0.4199289167947893,0.3546745202865335
phi_sheet_local,phi,0.2,0.0,0.7853981633974483,0.0,0.5,0.0,0.9853981633974482,0.0,0.02,"[0.0, 0.0, 0.01, 0.0]",20.0,0,The solver successfully reached the end of the integration interval.,False,[],20.0,2.534709519018001,9.662246696572169,0.26233127745715995,0.2534709519018001
