rho,mass
-6.283185307179586,0.493654266984516
-4.886921905584122,0.44328347411880886
-3.490658503988659,0.36499822569958856
-2.0943951023931957,0.3120884709820827
-0.6981317007977319,0.2864226912952413
0.6981317007977319,0.2864226912952413
2.094395102393195,0.31208847098208325
3.4906585039886586,0.364998225699589
4.886921905584122,0.44328347411880886
6.283185307179586,0.493654266984516
