{
  "config": {
    "beta": [
      0.01,
      0.02,
      0.03
    ],
    "metric_regularization": 0.0001,
    "angular_phi_potential": 0.01,
    "horizon_event_fraction": 0.48,
    "kappa": 25.132741228718345,
    "xi": 0.002,
    "m_glue": 0.1,
    "lambda_q": 0.01
  },
  "omega_sweep": {
    "sample_count": 5,
    "mass_range": [
      0.048970575487133336,
      0.292827303719029
    ],
    "compactness_range": [
      0.0029769162186193245,
      0.018070097992401075
    ],
    "terminated_early_count": 0,
    "path": "solutions/phase_d/phase_d_identity/omega_sweep_invariance.csv"
  },
  "neighborhoods": {
    "scalar_phi_local": {
      "sample_count": 5,
      "mass_range": [
        0.1081453845055517,
        0.33302160253551194
      ],
      "mass_range_width": 0.22487621802996025,
      "compactness_range": [
        0.006835503063546494,
        0.027279202923170688
      ],
      "r_half_range": [
        12.207893444446892,
        15.821130281147463
      ],
      "terminated_early_count": 0
    },
    "scalar_theta_local": {
      "sample_count": 5,
      "mass_range": [
        0.10814538440121235,
        0.1081453845055517
      ],
      "mass_range_width": 1.0433934272136014e-10,
      "compactness_range": [
        0.0068336123778761975,
        0.006835503063546494
      ],
      "r_half_range": [
        15.821130281147463,
        15.825507567759148
      ],
      "terminated_early_count": 0
    },
    "scalar_rho_local": {
      "sample_count": 5,
      "mass_range": [
        0.10814538440121235,
        0.1081453845055517
      ],
      "mass_range_width": 1.0433934272136014e-10,
      "compactness_range": [
        0.0068336123778761975,
        0.006835503063546494
      ],
      "r_half_range": [
        15.821130281147463,
        15.825507567759148
      ],
      "terminated_early_count": 0
    },
    "phi_sheet_local": {
      "sample_count": 5,
      "mass_range": [
        1.624428095692695,
        3.546781283731745
      ],
      "mass_range_width": 1.9223531880390499,
      "compactness_range": [
        0.2601009180533441,
        0.5589522298306056
      ],
      "r_half_range": [
        2.906202013336613,
        9.745242392668171
      ],
      "terminated_early_count": 1
    },
    "phi_offsheet_local": {
      "sample_count": 5,
      "mass_range": [
        1.624428095692695,
        3.546781283731745
      ],
      "mass_range_width": 1.9223531880390499,
      "compactness_range": [
        0.1617696018699329,
        0.5589522298306056
      ],
      "r_half_range": [
        2.906202013336613,
        10.262064849551757
      ],
      "terminated_early_count": 1
    }
  },
  "amplitude_sensitivity": {
    "scalar_anchor": {
      "sample_count": 3,
      "mass_range": [
        0.027643479141357258,
        0.43000782356100903
      ],
      "mass_range_width": 0.40236434441965174,
      "compactness_range": [
        0.0015499407953176144,
        0.027608966418467266
      ],
      "r_half_range": [
        15.574933774897946,
        17.83518391468143
      ],
      "terminated_early_count": 0
    },
    "phi_sheet_anchor": {
      "sample_count": 3,
      "mass_range": [
        1.623105081830069,
        1.6247574320250544
      ],
      "mass_range_width": 0.0016523501949854413,
      "compactness_range": [
        0.5589522298306056,
        0.5976201198170444
      ],
      "r_half_range": [
        2.7187127376542444,
        2.906202013336613
      ],
      "terminated_early_count": 3
    },
    "phi_offsheet_anchor": {
      "sample_count": 3,
      "mass_range": [
        3.298437414992291,
        4.411386960981549
      ],
      "mass_range_width": 1.1129495459892578,
      "compactness_range": [
        0.41902272283481673,
        0.44063166808827564
      ],
      "r_half_range": [
        7.871738775113088,
        10.011506844527972
      ],
      "terminated_early_count": 0
    }
  },
  "outer_box_sensitivity": {
    "scalar_anchor": {
      "sample_count": 4,
      "mass_range": [
        0.0027560790801170907,
        0.1081453845055517
      ],
      "mass_range_width": 0.1053893054254346,
      "compactness_range": [
        0.0005512158160234182,
        0.006835503063546494
      ],
      "r_half_range": [
        5.0,
        15.821130281147463
      ],
      "terminated_early_count": 0
    },
    "phi_sheet_anchor": {
      "sample_count": 4,
      "mass_range": [
        1.624428095692695,
        1.624428095692695
      ],
      "mass_range_width": 0.0,
      "compactness_range": [
        0.5589522298306056,
        0.5589522298306056
      ],
      "r_half_range": [
        2.906202013336613,
        2.906202013336613
      ],
      "terminated_early_count": 4
    },
    "phi_offsheet_anchor": {
      "sample_count": 4,
      "mass_range": [
        1.1714031692048743,
        3.546781283731745
      ],
      "mass_range_width": 2.3753781145268706,
      "compactness_range": [
        0.4227609327422105,
        0.4579069048698564
      ],
      "r_half_range": [
        2.749657390642634,
        8.389567268493296
      ],
      "terminated_early_count": 0
    }
  },
  "slice_1d": {
    "theta": {
      "path": "solutions/phase_d/phase_d_identity/slice_1d_theta.csv",
      "sample_count": 20,
      "mass_range": [
        0.49365426698170645,
        0.493654266984516
      ],
      "mass_range_width": 2.809530386116421e-12,
      "terminated_early_count": 0,
      "domain": [
        -6.283185307179586,
        6.283185307179586
      ],
      "r_max": 10.0
    },
    "phi": {
      "path": "solutions/phase_d/phase_d_identity/slice_1d_phi.csv",
      "sample_count": 20,
      "mass_range": [
        0.01998411733075852,
        2.452771902716934
      ],
      "mass_range_width": 2.4327877853861755,
      "terminated_early_count": 0,
      "domain": [
        -6.283185307179586,
        6.283185307179586
      ],
      "r_max": 10.0
    },
    "rho": {
      "path": "solutions/phase_d/phase_d_identity/slice_1d_rho.csv",
      "sample_count": 20,
      "mass_range": [
        0.2839504795847766,
        0.493654266984516
      ],
      "mass_range_width": 0.20970378739973938,
      "terminated_early_count": 0,
      "domain": [
        -6.283185307179586,
        6.283185307179586
      ],
      "r_max": 10.0
    }
  },
  "slice_2d": {
    "phi_theta": {
      "path": "solutions/phase_d/phase_d_identity/slice_2d_phi_theta.csv",
      "sample_count": 100,
      "mass_range": [
        0.0027560790816904164,
        1.2568839674027492
      ],
      "mass_range_width": 1.2541278883210587,
      "terminated_early_count": 0,
      "domain": [
        -6.283185307179586,
        6.283185307179586
      ],
      "r_max": 5.0
    },
    "phi_rho": {
      "path": "solutions/phase_d/phase_d_identity/slice_2d_phi_rho.csv",
      "sample_count": 100,
      "mass_range": [
        0.0027560790816904164,
        1.2568839674027492
      ],
      "mass_range_width": 1.2541278883210587,
      "terminated_early_count": 0,
      "domain": [
        -6.283185307179586,
        6.283185307179586
      ],
      "r_max": 5.0
    },
    "theta_rho": {
      "path": "solutions/phase_d/phase_d_identity/slice_2d_theta_rho.csv",
      "sample_count": 100,
      "mass_range": [
        0.1334801460735662,
        0.240680701195774
      ],
      "mass_range_width": 0.1072005551222078,
      "terminated_early_count": 0,
      "domain": [
        -6.283185307179586,
        6.283185307179586
      ],
      "r_max": 5.0
    }
  },
  "status": "phase_d_identity_audit_complete"
}