omega,norm_dtheta,norm_dphi,norm_drho,cos_theta_phi,cos_theta_rho,cos_phi_rho,expected_norm,norm_error_theta,norm_error_phi,norm_error_rho
0.1,1.1051709180756477,1.105170918075648,1.1051709180756477,-5.68108583147418e-17,0.5646424733950351,-7.385411580916434e-17,1.1051709180756477,0.0,2.220446049250313e-16,0.0
0.25,1.2840254166877414,1.2840254166877414,1.2840254166877414,-7.154708225261797e-17,0.5646424733950351,-7.996438604704362e-17,1.2840254166877414,0.0,0.0,0.0
0.5,1.6487212707001282,1.6487212707001284,1.6487212707001282,-6.636958670465028e-17,0.5646424733950354,-4.594817541091173e-17,1.6487212707001282,0.0,2.220446049250313e-16,0.0
0.75,2.117000016612675,2.117000016612675,2.117000016612675,-1.656655863594008e-16,0.5646424733950354,-6.193106032127132e-18,2.117000016612675,0.0,0.0,0.0
1.0,2.718281828459045,2.718281828459045,2.718281828459045,-1.690338909301362e-17,0.5646424733950353,-4.883201293537268e-17,2.718281828459045,0.0,0.0,0.0
1.5,4.4816890703380645,4.481689070338065,4.4816890703380645,-8.014838696435457e-17,0.5646424733950353,-1.0502202429811978e-16,4.4816890703380645,0.0,8.881784197001252e-16,0.0
2.0,7.38905609893065,7.38905609893065,7.38905609893065,-1.687758852414386e-16,0.5646424733950353,-4.4735776810983725e-17,7.38905609893065,0.0,0.0,0.0
2.5,12.182493960703473,12.182493960703473,12.182493960703473,-2.094574691184826e-16,0.5646424733950353,-6.582949029438024e-17,12.182493960703473,0.0,0.0,0.0
