{
    "Species_Class_1": {
        "mean_compactness_ratio": 0.6356697343760854,
        "member_count": 108,
        "dominant_origin": "theta_dom",
        "variance": 1.909938245775477e-06
    }
}