{
  "status": "audited_proxy_refresh",
  "type": "algebraic_emission_proxy",
  "bulk_rows": 8000,
  "slice_1d_rows": {
    "theta": 100,
    "phi": 100,
    "rho": 100
  },
  "slice_2d_rows": {
    "theta_phi": 900,
    "theta_rho": 900,
    "phi_rho": 900
  },
  "representative_state": {
    "w": 0.5,
    "theta": 3.141592653589793,
    "phi": -0.39269908169872414,
    "rho": 0.7853981633974483
  },
  "representative_flux": 1.906457892626382,
  "bulk_max_emission_flux": 36.54432590691133,
  "bulk_max_state": {
    "theta": -6.283185307179586,
    "phi": -2.314857744750374,
    "rho": -6.283185307179586
  },
  "slice_widths": {
    "theta": 7.176520944773142,
    "phi": 4.644034634479581,
    "rho": 7.176520944773143
  },
  "phi_reference_points": {
    "near_zero": {
      "theta": 3.141592653589793,
      "phi": -0.06346651825433902,
      "rho": 0.7853981633974483,
      "e_flux": 0.5622872045828528
    },
    "near_pos_pi_over_4": {
      "theta": 3.141592653589793,
      "phi": 0.8250647373064108,
      "rho": 0.7853981633974483,
      "e_flux": 4.8692543517789515
    },
    "near_neg_pi_over_4": {
      "theta": 3.141592653589793,
      "phi": -0.82506473730641,
      "rho": 0.7853981633974483,
      "e_flux": 4.86925435177896
    },
    "near_pi_over_2": {
      "theta": 3.141592653589793,
      "phi": 1.5866629563584818,
      "rho": 0.7853981633974483,
      "e_flux": 0.5266985022739151
    }
  },
  "omega_flux_span": 0.0,
  "packet_speed_proxy": 2.0,
  "packet_peak": {
    "t": 0.5,
    "pos": 2.0,
    "amp": 1.906457892626382
  },
  "packet_terminal_state": {
    "t": 0.99,
    "pos": 2.98,
    "amp": 1.17944856783083
  },
  "discrete_step_mapping": "not_implemented",
  "phase_h_dependency": "no_direct_phase_h_mode_solver_connection",
  "conclusion": "The active Phase L package supports a phi-gated algebraic emission proxy and a hand-built advected packet trajectory. It does not directly implement a dynamical pinch-off or a discrete Phase H ladder transition."
}