{
    "status": "complete",
    "points_sampled": 120,
    "max_hosting_sensitivity": 0.9993516287882964,
    "min_hosting_sensitivity": 0.9020826258634259
}