{
  "phase": "K",
  "status": "direct_same_background_refresh",
  "model_scope": {
    "type": "direct_3d_interaction_energy_same_background_pairs",
    "statement": "Phase K now integrates the 3D interaction-energy density directly on a shared grid for same-background pair initial data. This replaces the old one-dimensional overlap proxy for the directly defined part of the problem."
  },
  "config": {
    "distance_min": 1.5,
    "distance_max": 4.5,
    "distance_points": 7,
    "fixed_distance": 2.5,
    "angles_1d_points": 9,
    "angles_2d_points_per_axis": 4,
    "grid_size": 15,
    "dx": 0.55
  },
  "key_results": {
    "scalar_dm_range": [
      0.00031189491732663735,
      0.0003726299482008006
    ],
    "rich_dm_range": [
      0.00031189491732663735,
      0.0003726299482008006
    ],
    "phi_offsheet_dm_range": [
      0.00031189491732663735,
      0.0003726299482008006
    ],
    "scalar_force_power_exponent": 0.8301296117826079,
    "scalar_force_power_r2_linear_space": 0.9910489533515593,
    "scalar_force_exp_r2_linear_space": 0.9673762664064315,
    "phi_1d_dm_range": [
      0.0003588990815955155,
      0.0003588990815955155
    ],
    "theta_1d_dm_range": [
      0.0003588990815955155,
      0.0003588990815955155
    ],
    "rho_1d_dm_range": [
      0.0003588990815955155,
      0.0003588990815955155
    ],
    "theta_rho_2d_dm_range": [
      0.0003588990815955155,
      0.0003588990815955155
    ],
    "theta_phi_2d_dm_range": [
      0.0003588990815955155,
      0.0003588990815955155
    ],
    "phi_rho_2d_dm_range": [
      0.0003588990815955155,
      0.0003588990815955155
    ]
  },
  "goal_status": {
    "direct_interaction_energy_density": "met_for_same_background_pairs",
    "effective_force_gradient": "met_for_same_background_pairs",
    "inverse_square_force_law": "not_met",
    "species_specific_interaction_structure": "not_met",
    "mixed_background_multi_species_pairing_rule": "not_met"
  }
}