{
  "config": {
    "m_glue": 0.1,
    "lambda_q": 0.01,
    "xi": 0.002,
    "kappa": 25.132741228718345,
    "closure_mode": "minimal_trace",
    "r0": 0.001,
    "r_max": 20.0,
    "dr": 0.01,
    "phi0": 0.0,
    "central_amplitude_base": 0.02,
    "max_field_norm": 20.0,
    "max_abs_component": 20.0,
    "max_mass": 10.0,
    "horizon_margin": 1e-06,
    "decay_target": 0.05,
    "max_steps": 500000
  },
  "seed_count": 117,
  "success_count": 117,
  "regularity_ok_count": 117,
  "horizon_hit_count": 0,
  "failure_counts": {
    "completed_without_decay_failure": 117
  },
  "boundary_decay_pass_count": 117,
  "peak_imag_to_real_ratio_range": [
    0.0,
    32974425414.002563
  ],
  "final_mass_range": [
    0.048671600859654246,
    0.17822380681078998
  ],
  "integrated_abs_ricci_range": [
    0.003527253379195638,
    0.012931544814019142
  ],
  "continuation_track": [
    {
      "label": "continuation_00",
      "omega": 0.2,
      "theta": 0.0,
      "phi": 0.0,
      "rho": 0.0,
      "success": true,
      "failure_reason": "",
      "peak_imag_to_real_ratio": 0.0,
      "final_mass": 0.059437562855148535,
      "boundary_residual_qnorm": 0.011066977174830628,
      "boundary_residual_qprime_norm": 0.0010675836551228
    },
    {
      "label": "continuation_01",
      "omega": 0.23750000000000002,
      "theta": 0.39269908169872414,
      "phi": -0.19634954084936207,
      "rho": 0.19634954084936207,
      "success": true,
      "failure_reason": "",
      "peak_imag_to_real_ratio": 0.47498863631802296,
      "final_mass": 0.06406214215903637,
      "boundary_residual_qnorm": 0.011486776444806631,
      "boundary_residual_qprime_norm": 0.0011087011227554357
    },
    {
      "label": "continuation_02",
      "omega": 0.275,
      "theta": 0.7853981633974483,
      "phi": -0.39269908169872414,
      "rho": 0.39269908169872414,
      "success": true,
      "failure_reason": "",
      "peak_imag_to_real_ratio": 1.0000000000000067,
      "final_mass": 0.06904614534127669,
      "boundary_residual_qnorm": 0.011922247601323124,
      "boundary_residual_qprime_norm": 0.0011514283249283736
    },
    {
      "label": "continuation_03",
      "omega": 0.3125,
      "theta": 1.1780972450961724,
      "phi": -0.5890486225480862,
      "rho": 0.5890486225480862,
      "success": true,
      "failure_reason": "",
      "peak_imag_to_real_ratio": 1.5195578855080194,
      "final_mass": 0.07441744256140503,
      "boundary_residual_qnorm": 0.01237394523327719,
      "boundary_residual_qprime_norm": 0.001195831383606864
    },
    {
      "label": "continuation_04",
      "omega": 0.35,
      "theta": 1.5707963267948966,
      "phi": -0.7853981633974483,
      "rho": 0.7853981633974483,
      "success": true,
      "failure_reason": "",
      "peak_imag_to_real_ratio": 1.732050807568878,
      "final_mass": 0.08020605450533692,
      "boundary_residual_qnorm": 0.012842439794871492,
      "boundary_residual_qprime_norm": 0.0012419795005341038
    },
    {
      "label": "continuation_05",
      "omega": 0.3875,
      "theta": 1.9634954084936207,
      "phi": -0.9817477042468103,
      "rho": 0.9817477042468103,
      "success": true,
      "failure_reason": "",
      "peak_imag_to_real_ratio": 1.6400405102823956,
      "final_mass": 0.08644431657863326,
      "boundary_residual_qnorm": 0.013328317566024823,
      "boundary_residual_qprime_norm": 0.0012899451416144199
    },
    {
      "label": "continuation_06",
      "omega": 0.425,
      "theta": 2.356194490192345,
      "phi": -1.1780972450961724,
      "rho": 1.1780972450961724,
      "success": true,
      "failure_reason": "",
      "peak_imag_to_real_ratio": 1.7320508075688794,
      "final_mass": 0.09316705534301517,
      "boundary_residual_qnorm": 0.013832180531964366,
      "boundary_residual_qprime_norm": 0.0013398042364534263
    },
    {
      "label": "continuation_07",
      "omega": 0.4625,
      "theta": 2.748893571891069,
      "phi": -1.3744467859455345,
      "rho": 1.3744467859455345,
      "success": true,
      "failure_reason": "",
      "peak_imag_to_real_ratio": 2.8320392624347095,
      "final_mass": 0.10041177805871511,
      "boundary_residual_qnorm": 0.014354646168970031,
      "boundary_residual_qprime_norm": 0.0013916363946341302
    },
    {
      "label": "continuation_08",
      "omega": 0.5,
      "theta": 3.141592653589793,
      "phi": -1.5707963267948966,
      "rho": 1.5707963267948966,
      "success": true,
      "failure_reason": "",
      "peak_imag_to_real_ratio": 32974425414.002563,
      "final_mass": 0.1082188762469576,
      "boundary_residual_qnorm": 0.01489634712144958,
      "boundary_residual_qprime_norm": 0.0014455251404939008
    }
  ],
  "rich_neighborhood_success_fraction": 1.0,
  "status": "provisional_closure_runtime_complete"
}