phi,chi
-2.356194490192345,-1.836970198721032e-16
-0.7853981633974483,6.123233995736787e-17
0.7853981633974483,6.123233995736787e-17
2.356194490192345,-1.836970198721032e-16
