id,mass,chirality_density
Right-Handed,0.809957686480672,0.7071067811865476
Left-Handed,0.8099576864576824,0.7071067811865476
