id,mass,chirality_density
Right-Handed,0.6961232297626876,0.7071067811865475
Left-Handed,0.6961221532111318,-0.7071067811865476
