id,mass,chirality_density
Right-Handed,0.809957686480672,0.7071067811865476
Left-Handed,0.8099401795187507,-0.7071067811865477
