omega_rot,mass_effective,stability
0.0,0.8099531399642391,stable
0.025,0.8124842435266274,stable
0.05,0.820077554213792,stable
0.07500000000000001,0.8327330720257333,stable
0.1,0.8504507969624511,stable
