rho,chi
-6.283185307179586,0.7071067811865476
-4.886921905584122,0.7071067811865475
-3.490658503988659,0.7071067811865475
-2.0943951023931957,0.7071067811865476
-0.6981317007977319,0.7071067811865477
0.6981317007977319,0.7071067811865477
2.094395102393195,0.7071067811865476
3.4906585039886586,0.7071067811865476
4.886921905584122,0.7071067811865475
6.283185307179586,0.7071067811865476
