benchmark,resolution,dx,integrated_degree,density_abs_max
s2_direct_hedgehog,33,0.375,-0.8544390798849802,0.2731062176176054
s2_direct_hedgehog,49,0.25,-0.9289226204920789,0.3378885147152575
s2_direct_hedgehog,65,0.1875,-0.9572477795220055,0.3653781058657912
s1_scalar_angle_cartesian_decay,33,0.375,-0.0007261940343658896,0.005940391788193468
s1_scalar_angle_mixed_polynomial,33,0.375,1.0005576689441423e-19,0.0036942913082823317
s1_scalar_angle_trig_swirl,33,0.375,-0.01217691033183402,0.0708369946867218
s1_scalar_angle_cartesian_decay,49,0.25,-0.0003294868465552811,0.006154384454213665
s1_scalar_angle_mixed_polynomial,49,0.25,-2.0095856673608276e-19,0.004246327417508075
s1_scalar_angle_trig_swirl,49,0.25,-0.005753342850588188,0.07954916409332866
