anchor,omega0,theta0,phi0,rho0,j_ext,gamma_host,A0,xp0,psi0,r_max,status,status_message,terminated_early,horizon_event_radii,r_final,final_mass,final_2m_over_r,psi_final,psi_min,psi_max,probe_response_ratio,probe_boundary_delta,core_mean_abs_psi,outer_mean_abs_psi,localization_ratio,sample_count
scalar,0.5,0.0,0.0,0.0,0.0,0.1,0.005,"[0.0, 0.01, 0.01, 0.0]",0.1,20.0,0,The solver successfully reached the end of the integration interval.,False,[],20.0,0.5516028124985083,0.055160281249850826,0.11783929446946348,0.1,0.11783929446946348,1.1783929446946346,0.017839294469463474,0.10000077179329181,0.11467364309049258,0.8720466979005634,56
theta_seed,0.5,1.5707963267948966,0.0,0.0,0.0,0.1,0.005,"[0.0, 0.01, 0.01, 0.0]",0.1,20.0,0,The solver successfully reached the end of the integration interval.,False,[],20.0,0.5516028124992889,0.05516028124992889,0.11783929446945593,0.1,0.11783929446945593,1.1783929446945591,0.017839294469455924,0.10000079657108844,0.11470964558524985,0.8717732154160472,56
rho_seed,0.5,0.0,0.0,1.5707963267948966,0.0,0.1,0.005,"[0.0, 0.01, 0.01, 0.0]",0.1,20.0,0,The solver successfully reached the end of the integration interval.,False,[],20.0,0.5516028124990193,0.05516028124990193,0.11783929446945222,0.1,0.11783929446945222,1.1783929446945223,0.01783929446945222,0.10000079142670011,0.11469836096074572,0.87185894017199,56
phi_sheet,0.5,0.0,0.7853981633974483,0.0,0.0,0.1,0.005,"[0.0, 0.01, 0.01, 0.0]",0.1,20.0,1,A termination event occurred.,True,[3.382921053355878],3.382921053355878,1.6238021056108223,0.9600000000000005,0.10160266653077443,0.1,0.10160266653077443,1.0160266653077443,0.001602666530774427,0.10000067252697706,0.1011301001509498,0.9888319340899799,61
phi_offsheet,0.5,0.0,0.6853981633974483,0.0,0.0,0.1,0.005,"[0.0, 0.01, 0.01, 0.0]",0.1,20.0,0,The solver successfully reached the end of the integration interval.,False,[],20.0,3.787054679322146,0.3787054679322146,0.12733116161442332,0.1,0.12733116161442332,1.273311616144233,0.02733116161442331,0.10000279916320076,0.12221952141938104,0.8182228010863636,241
mixed_offsheet,0.5,3.141592653589793,0.6853981633974483,1.5707963267948966,0.0,0.1,0.005,"[0.0, 0.01, 0.01, 0.0]",0.1,20.0,0,The solver successfully reached the end of the integration interval.,False,[],20.0,3.787054679309144,0.3787054679309144,0.1273311616133202,0.1,0.1273311616133202,1.2733116161332019,0.027331161613320193,0.10000282717321982,0.12222310756399649,0.8181990228063704,241
