J_ext,final_mass,psi_boundary,probe_response_ratio,status,r_final
-0.01,1.6205191371365548,0.10031547068305283,1.0031547068305282,1,3.3760815357011564
0.0,1.6238021056108223,0.10160266653077443,1.0160266653077443,1,3.382921053355878
0.01,1.627253139741685,0.10298237228436147,1.0298237228436147,1,3.390110707795177
