J_ext,final_mass,psi_core_residual
-0.01,2.3579226104215825,0.09191159701254573
0.0,0.6527967947801431,0.11807076648603484
0.01,-1.0753382422343982,0.13938036995821915
