theta,hosting_efficiency
-6.283185307179586,-0.18987639311045457
-4.886921905584122,-0.18987639311043059
-3.490658503988659,-0.18987639311039461
-2.0943951023931957,-0.1898763931103351
-0.6981317007977319,-0.18987639311024163
0.6981317007977319,-0.18987639311024163
2.094395102393195,-0.1898763931103351
3.4906585039886586,-0.18987639311039461
4.886921905584122,-0.18987639311043059
6.283185307179586,-0.18987639311045457
