phi,hosting_efficiency
-6.283185307179586,-0.18070766484106637
-4.886921905584122,-0.18214270602300608
-3.490658503988659,-0.18749574752942122
-2.0943951023931957,-0.20223398982704688
-0.6981317007977319,-0.26690853223338773
0.6981317007977319,-0.26690853223338773
2.094395102393195,-0.20223398982704732
3.4906585039886586,-0.18749574752942166
4.886921905584122,-0.18214270602300608
6.283185307179586,-0.18070766484106637
