rho,hosting_efficiency
-6.283185307179586,-0.18987639311045457
-4.886921905584122,-0.189366241859803
-3.490658503988659,-0.18805766638394972
-2.0943951023931957,-0.18657162931182225
-0.6981317007977319,-0.18559671558892954
0.6981317007977319,-0.18559671558892954
2.094395102393195,-0.18657162931182225
3.4906585039886586,-0.18805766638394927
4.886921905584122,-0.189366241859803
6.283185307179586,-0.18987639311045457
