{
  "runtime": {
    "beta": [
      0.01,
      0.02,
      0.03
    ],
    "metric_regularization": 0.0001,
    "angular_phi_potential": 0.01,
    "horizon_event_fraction": 0.48,
    "mu_probe": 0.05,
    "gamma_host": 0.1,
    "A0": 0.005,
    "xp0": [
      0.0,
      0.01,
      0.01,
      0.0
    ],
    "psi0": 0.1,
    "r_max": 20.0
  },
  "representative_runs": {
    "scalar": {
      "anchor": "scalar",
      "omega0": 0.5,
      "theta0": 0.0,
      "phi0": 0.0,
      "rho0": 0.0,
      "j_ext": 0.0,
      "gamma_host": 0.1,
      "A0": 0.005,
      "xp0": [
        0.0,
        0.01,
        0.01,
        0.0
      ],
      "psi0": 0.1,
      "r_max": 20.0,
      "status": 0,
      "status_message": "The solver successfully reached the end of the integration interval.",
      "terminated_early": false,
      "horizon_event_radii": [],
      "r_final": 20.0,
      "final_mass": 0.5516028124985083,
      "final_2m_over_r": 0.055160281249850826,
      "psi_final": 0.11783929446946348,
      "psi_min": 0.1,
      "psi_max": 0.11783929446946348,
      "probe_response_ratio": 1.1783929446946346,
      "probe_boundary_delta": 0.017839294469463474,
      "core_mean_abs_psi": 0.10000077179329181,
      "outer_mean_abs_psi": 0.11467364309049258,
      "localization_ratio": 0.8720466979005634,
      "sample_count": 56
    },
    "theta_seed": {
      "anchor": "theta_seed",
      "omega0": 0.5,
      "theta0": 1.5707963267948966,
      "phi0": 0.0,
      "rho0": 0.0,
      "j_ext": 0.0,
      "gamma_host": 0.1,
      "A0": 0.005,
      "xp0": [
        0.0,
        0.01,
        0.01,
        0.0
      ],
      "psi0": 0.1,
      "r_max": 20.0,
      "status": 0,
      "status_message": "The solver successfully reached the end of the integration interval.",
      "terminated_early": false,
      "horizon_event_radii": [],
      "r_final": 20.0,
      "final_mass": 0.5516028124992889,
      "final_2m_over_r": 0.05516028124992889,
      "psi_final": 0.11783929446945593,
      "psi_min": 0.1,
      "psi_max": 0.11783929446945593,
      "probe_response_ratio": 1.1783929446945591,
      "probe_boundary_delta": 0.017839294469455924,
      "core_mean_abs_psi": 0.10000079657108844,
      "outer_mean_abs_psi": 0.11470964558524985,
      "localization_ratio": 0.8717732154160472,
      "sample_count": 56
    },
    "rho_seed": {
      "anchor": "rho_seed",
      "omega0": 0.5,
      "theta0": 0.0,
      "phi0": 0.0,
      "rho0": 1.5707963267948966,
      "j_ext": 0.0,
      "gamma_host": 0.1,
      "A0": 0.005,
      "xp0": [
        0.0,
        0.01,
        0.01,
        0.0
      ],
      "psi0": 0.1,
      "r_max": 20.0,
      "status": 0,
      "status_message": "The solver successfully reached the end of the integration interval.",
      "terminated_early": false,
      "horizon_event_radii": [],
      "r_final": 20.0,
      "final_mass": 0.5516028124990193,
      "final_2m_over_r": 0.05516028124990193,
      "psi_final": 0.11783929446945222,
      "psi_min": 0.1,
      "psi_max": 0.11783929446945222,
      "probe_response_ratio": 1.1783929446945223,
      "probe_boundary_delta": 0.01783929446945222,
      "core_mean_abs_psi": 0.10000079142670011,
      "outer_mean_abs_psi": 0.11469836096074572,
      "localization_ratio": 0.87185894017199,
      "sample_count": 56
    },
    "phi_sheet": {
      "anchor": "phi_sheet",
      "omega0": 0.5,
      "theta0": 0.0,
      "phi0": 0.7853981633974483,
      "rho0": 0.0,
      "j_ext": 0.0,
      "gamma_host": 0.1,
      "A0": 0.005,
      "xp0": [
        0.0,
        0.01,
        0.01,
        0.0
      ],
      "psi0": 0.1,
      "r_max": 20.0,
      "status": 1,
      "status_message": "A termination event occurred.",
      "terminated_early": true,
      "horizon_event_radii": [
        3.382921053355878
      ],
      "r_final": 3.382921053355878,
      "final_mass": 1.6238021056108223,
      "final_2m_over_r": 0.9600000000000005,
      "psi_final": 0.10160266653077443,
      "psi_min": 0.1,
      "psi_max": 0.10160266653077443,
      "probe_response_ratio": 1.0160266653077443,
      "probe_boundary_delta": 0.001602666530774427,
      "core_mean_abs_psi": 0.10000067252697706,
      "outer_mean_abs_psi": 0.1011301001509498,
      "localization_ratio": 0.9888319340899799,
      "sample_count": 61
    },
    "phi_offsheet": {
      "anchor": "phi_offsheet",
      "omega0": 0.5,
      "theta0": 0.0,
      "phi0": 0.6853981633974483,
      "rho0": 0.0,
      "j_ext": 0.0,
      "gamma_host": 0.1,
      "A0": 0.005,
      "xp0": [
        0.0,
        0.01,
        0.01,
        0.0
      ],
      "psi0": 0.1,
      "r_max": 20.0,
      "status": 0,
      "status_message": "The solver successfully reached the end of the integration interval.",
      "terminated_early": false,
      "horizon_event_radii": [],
      "r_final": 20.0,
      "final_mass": 3.787054679322146,
      "final_2m_over_r": 0.3787054679322146,
      "psi_final": 0.12733116161442332,
      "psi_min": 0.1,
      "psi_max": 0.12733116161442332,
      "probe_response_ratio": 1.273311616144233,
      "probe_boundary_delta": 0.02733116161442331,
      "core_mean_abs_psi": 0.10000279916320076,
      "outer_mean_abs_psi": 0.12221952141938104,
      "localization_ratio": 0.8182228010863636,
      "sample_count": 241
    },
    "mixed_offsheet": {
      "anchor": "mixed_offsheet",
      "omega0": 0.5,
      "theta0": 3.141592653589793,
      "phi0": 0.6853981633974483,
      "rho0": 1.5707963267948966,
      "j_ext": 0.0,
      "gamma_host": 0.1,
      "A0": 0.005,
      "xp0": [
        0.0,
        0.01,
        0.01,
        0.0
      ],
      "psi0": 0.1,
      "r_max": 20.0,
      "status": 0,
      "status_message": "The solver successfully reached the end of the integration interval.",
      "terminated_early": false,
      "horizon_event_radii": [],
      "r_final": 20.0,
      "final_mass": 3.787054679309144,
      "final_2m_over_r": 0.3787054679309144,
      "psi_final": 0.1273311616133202,
      "psi_min": 0.1,
      "psi_max": 0.1273311616133202,
      "probe_response_ratio": 1.2733116161332019,
      "probe_boundary_delta": 0.027331161613320193,
      "core_mean_abs_psi": 0.10000282717321982,
      "outer_mean_abs_psi": 0.12222310756399649,
      "localization_ratio": 0.8181990228063704,
      "sample_count": 241
    }
  },
  "coupling_comparison": {
    "scalar": {
      "anchor": "scalar",
      "status_gamma_off": 0,
      "status_gamma_on": 0,
      "r_final_gamma_off": 20.0,
      "r_final_gamma_on": 20.0,
      "psi_final_gamma_off": 0.11783929446946305,
      "psi_final_gamma_on": 0.11783929446946348,
      "probe_response_ratio_gamma_off": 1.1783929446946304,
      "probe_response_ratio_gamma_on": 1.1783929446946346,
      "probe_response_ratio_delta": 4.218847493575595e-15,
      "localization_ratio_gamma_off": 0.872046697904056,
      "localization_ratio_gamma_on": 0.8720466979005634,
      "mass_final_gamma_off": 0.5516028124985035,
      "mass_final_gamma_on": 0.5516028124985083,
      "mass_final_delta": 4.773959005888173e-15
    },
    "theta_seed": {
      "anchor": "theta_seed",
      "status_gamma_off": 0,
      "status_gamma_on": 0,
      "r_final_gamma_off": 20.0,
      "r_final_gamma_on": 20.0,
      "psi_final_gamma_off": 0.11783929446945553,
      "psi_final_gamma_on": 0.11783929446945593,
      "probe_response_ratio_gamma_off": 1.1783929446945551,
      "probe_response_ratio_gamma_on": 1.1783929446945591,
      "probe_response_ratio_delta": 3.9968028886505635e-15,
      "localization_ratio_gamma_off": 0.8717732154203757,
      "localization_ratio_gamma_on": 0.8717732154160472,
      "mass_final_gamma_off": 0.5516028124992844,
      "mass_final_gamma_on": 0.5516028124992889,
      "mass_final_delta": 4.440892098500626e-15
    },
    "rho_seed": {
      "anchor": "rho_seed",
      "status_gamma_off": 0,
      "status_gamma_on": 0,
      "r_final_gamma_off": 20.0,
      "r_final_gamma_on": 20.0,