{
    "Right-Handed": {
        "chirality": 0.7071067811865476,
        "modes": [
            {
                "n": 0,
                "energy": 0.9093699942084978
            }
        ]
    },
    "Left-Handed": {
        "chirality": -0.7071067811865476,
        "modes": [
            {
                "n": 0,
                "energy": 0.869622394058611
            }
        ]
    },
    "Scalar": {
        "chirality": 1.0,
        "modes": [
            {
                "n": 0,
                "energy": 0.9173867490363242
            }
        ]
    }
}