loading,E0
-0.1,0.8755308759378563
-0.05,0.8926080440711557
0.0,0.9093699942084978
0.05000000000000002,0.9258350572772599
0.1,0.9420200171751509
