theta,E0
-6.283185307179586,0.9093699942084978
-4.886921905584122,0.9093699942084978
-3.490658503988659,0.9093699942084978
-2.0943951023931957,0.9093699942084978
-0.6981317007977319,0.9093699942084978
0.6981317007977319,0.9093699942084978
2.094395102393195,0.9093699942084978
3.4906585039886586,0.9093699942084978
4.886921905584122,0.9093699942084978
6.283185307179586,0.9093699942084978
